[{"model": "admin.logentry", "pk": 1, "fields": {"action_time": "2026-02-09T11:29:50.037Z", "user": 1, "content_type": 7, "object_id": "1", "object_repr": "Henley in Arden Medical Cente", "action_flag": 1, "change_message": "[{\"added\": {}}]"}}, {"model": "admin.logentry", "pk": 2, "fields": {"action_time": "2026-02-09T11:29:54.938Z", "user": 1, "content_type": 7, "object_id": "1", "object_repr": "Henley in Arden Medical Centre", "action_flag": 2, "change_message": "[{\"changed\": {\"fields\": [\"Name\"]}}]"}}, {"model": "admin.logentry", "pk": 3, "fields": {"action_time": "2026-02-09T11:30:02.393Z", "user": 1, "content_type": 8, "object_id": "1", "object_repr": "SiteQR object (1)", "action_flag": 1, "change_message": "[{\"added\": {}}]"}}, {"model": "admin.logentry", "pk": 4, "fields": {"action_time": "2026-02-09T11:30:09.011Z", "user": 1, "content_type": 9, "object_id": "1", "object_repr": "root -> Henley in Arden Medical Centre", "action_flag": 1, "change_message": "[{\"added\": {}}]"}}, {"model": "admin.logentry", "pk": 5, "fields": {"action_time": "2026-02-09T11:31:38.884Z", "user": 1, "content_type": 4, "object_id": "2", "object_repr": "abby", "action_flag": 1, "change_message": "[{\"added\": {}}]"}}, {"model": "admin.logentry", "pk": 6, "fields": {"action_time": "2026-02-09T11:32:03.658Z", "user": 1, "content_type": 7, "object_id": "2", "object_repr": "The Dove Medical Practice", "action_flag": 1, "change_message": "[{\"added\": {}}]"}}, {"model": "admin.logentry", "pk": 7, "fields": {"action_time": "2026-02-09T11:32:11.395Z", "user": 1, "content_type": 8, "object_id": "2", "object_repr": "SiteQR object (2)", "action_flag": 1, "change_message": "[{\"added\": {}}]"}}, {"model": "admin.logentry", "pk": 8, "fields": {"action_time": "2026-02-09T11:32:17.409Z", "user": 1, "content_type": 9, "object_id": "2", "object_repr": "abby -> The Dove Medical Practice", "action_flag": 1, "change_message": "[{\"added\": {}}]"}}, {"model": "admin.logentry", "pk": 9, "fields": {"action_time": "2026-02-09T11:40:30.142Z", "user": 1, "content_type": 4, "object_id": "3", "object_repr": "mandy", "action_flag": 1, "change_message": "[{\"added\": {}}]"}}, {"model": "admin.logentry", "pk": 10, "fields": {"action_time": "2026-02-09T11:40:38.138Z", "user": 1, "content_type": 9, "object_id": "3", "object_repr": "mandy -> Henley in Arden Medical Centre", "action_flag": 1, "change_message": "[{\"added\": {}}]"}}, {"model": "admin.logentry", "pk": 11, "fields": {"action_time": "2026-02-09T14:02:10.990Z", "user": 1, "content_type": 7, "object_id": "3", "object_repr": "Pool Medical Centre", "action_flag": 1, "change_message": "[{\"added\": {}}]"}}, {"model": "admin.logentry", "pk": 12, "fields": {"action_time": "2026-02-09T14:02:17.678Z", "user": 1, "content_type": 7, "object_id": "4", "object_repr": "Lapworth Surgey", "action_flag": 1, "change_message": "[{\"added\": {}}]"}}, {"model": "admin.logentry", "pk": 13, "fields": {"action_time": "2026-02-09T14:02:23.001Z", "user": 1, "content_type": 7, "object_id": "5", "object_repr": "The Arrow Surgery", "action_flag": 1, "change_message": "[{\"added\": {}}]"}}, {"model": "admin.logentry", "pk": 14, "fields": {"action_time": "2026-02-09T14:02:32.685Z", "user": 1, "content_type": 7, "object_id": "6", "object_repr": "Tanworth in Arden Medical Practice", "action_flag": 1, "change_message": "[{\"added\": {}}]"}}, {"model": "admin.logentry", "pk": 15, "fields": {"action_time": "2026-02-09T15:51:06.470Z", "user": 1, "content_type": 4, "object_id": "3", "object_repr": "mandy", "action_flag": 2, "change_message": "[{\"changed\": {\"fields\": [\"password\"]}}]"}}, {"model": "admin.logentry", "pk": 16, "fields": {"action_time": "2026-02-09T16:59:07.134Z", "user": 1, "content_type": 4, "object_id": "3", "object_repr": "mandy", "action_flag": 2, "change_message": "[{\"changed\": {\"fields\": [\"Email address\"]}}]"}}, {"model": "admin.logentry", "pk": 17, "fields": {"action_time": "2026-02-09T16:59:17.573Z", "user": 1, "content_type": 4, "object_id": "4", "object_repr": "claire", "action_flag": 2, "change_message": "[{\"changed\": {\"fields\": [\"Email address\"]}}]"}}, {"model": "admin.logentry", "pk": 18, "fields": {"action_time": "2026-02-09T16:59:39.100Z", "user": 1, "content_type": 4, "object_id": "2", "object_repr": "abby", "action_flag": 2, "change_message": "[{\"changed\": {\"fields\": [\"Email address\"]}}]"}}, {"model": "auth.permission", "pk": 1, "fields": {"name": "Can add log entry", "content_type": 1, "codename": "add_logentry"}}, {"model": "auth.permission", "pk": 2, "fields": {"name": "Can change log entry", "content_type": 1, "codename": "change_logentry"}}, {"model": "auth.permission", "pk": 3, "fields": {"name": "Can delete log entry", "content_type": 1, "codename": "delete_logentry"}}, {"model": "auth.permission", "pk": 4, "fields": {"name": "Can view log entry", "content_type": 1, "codename": "view_logentry"}}, {"model": "auth.permission", "pk": 5, "fields": {"name": "Can add permission", "content_type": 2, "codename": "add_permission"}}, {"model": "auth.permission", "pk": 6, "fields": {"name": "Can change permission", "content_type": 2, "codename": "change_permission"}}, {"model": "auth.permission", "pk": 7, "fields": {"name": "Can delete permission", "content_type": 2, "codename": "delete_permission"}}, {"model": "auth.permission", "pk": 8, "fields": {"name": "Can view permission", "content_type": 2, "codename": "view_permission"}}, {"model": "auth.permission", "pk": 9, "fields": {"name": "Can add group", "content_type": 3, "codename": "add_group"}}, {"model": "auth.permission", "pk": 10, "fields": {"name": "Can change group", "content_type": 3, "codename": "change_group"}}, {"model": "auth.permission", "pk": 11, "fields": {"name": "Can delete group", "content_type": 3, "codename": "delete_group"}}, {"model": "auth.permission", "pk": 12, "fields": {"name": "Can view group", "content_type": 3, "codename": "view_group"}}, {"model": "auth.permission", "pk": 13, "fields": {"name": "Can add user", "content_type": 4, "codename": "add_user"}}, {"model": "auth.permission", "pk": 14, "fields": {"name": "Can change user", "content_type": 4, "codename": "change_user"}}, {"model": "auth.permission", "pk": 15, "fields": {"name": "Can delete user", "content_type": 4, "codename": "delete_user"}}, {"model": "auth.permission", "pk": 16, "fields": {"name": "Can view user", "content_type": 4, "codename": "view_user"}}, {"model": "auth.permission", "pk": 17, "fields": {"name": "Can add content type", "content_type": 5, "codename": "add_contenttype"}}, {"model": "auth.permission", "pk": 18, "fields": {"name": "Can change content type", "content_type": 5, "codename": "change_contenttype"}}, {"model": "auth.permission", "pk": 19, "fields": {"name": "Can delete content type", "content_type": 5, "codename": "delete_contenttype"}}, {"model": "auth.permission", "pk": 20, "fields": {"name": "Can view content type", "content_type": 5, "codename": "view_contenttype"}}, {"model": "auth.permission", "pk": 21, "fields": {"name": "Can add session", "content_type": 6, "codename": "add_session"}}, {"model": "auth.permission", "pk": 22, "fields": {"name": "Can change session", "content_type": 6, "codename": "change_session"}}, {"model": "auth.permission", "pk": 23, "fields": {"name": "Can delete session", "content_type": 6, "codename": "delete_session"}}, {"model": "auth.permission", "pk": 24, "fields": {"name": "Can view session", "content_type": 6, "codename": "view_session"}}, {"model": "auth.permission", "pk": 25, "fields": {"name": "Can add site", "content_type": 7, "codename": "add_site"}}, {"model": "auth.permission", "pk": 26, "fields": {"name": "Can change site", "content_type": 7, "codename": "change_site"}}, {"model": "auth.permission", "pk": 27, "fields": {"name": "Can delete site", "content_type": 7, "codename": "delete_site"}}, {"model": "auth.permission", "pk": 28, "fields": {"name": "Can view site", "content_type": 7, "codename": "view_site"}}, {"model": "auth.permission", "pk": 29, "fields": {"name": "Can add site qr", "content_type": 8, "codename": "add_siteqr"}}, {"model": "auth.permission", "pk": 30, "fields": {"name": "Can change site qr", "content_type": 8, "codename": "change_siteqr"}}, {"model": "auth.permission", "pk": 31, "fields": {"name": "Can delete site qr", "content_type": 8, "codename": "delete_siteqr"}}, {"model": "auth.permission", "pk": 32, "fields": {"name": "Can view site qr", "content_type": 8, "codename": "view_siteqr"}}, {"model": "auth.permission", "pk": 33, "fields": {"name": "Can add site manager", "content_type": 9, "codename": "add_sitemanager"}}, {"model": "auth.permission", "pk": 34, "fields": {"name": "Can change site manager", "content_type": 9, "codename": "change_sitemanager"}}, {"model": "auth.permission", "pk": 35, "fields": {"name": "Can delete site manager", "content_type": 9, "codename": "delete_sitemanager"}}, {"model": "auth.permission", "pk": 36, "fields": {"name": "Can view site manager", "content_type": 9, "codename": "view_sitemanager"}}, {"model": "auth.permission", "pk": 37, "fields": {"name": "Can add staff member", "content_type": 10, "codename": "add_staffmember"}}, {"model": "auth.permission", "pk": 38, "fields": {"name": "Can change staff member", "content_type": 10, "codename": "change_staffmember"}}, {"model": "auth.permission", "pk": 39, "fields": {"name": "Can delete staff member", "content_type": 10, "codename": "delete_staffmember"}}, {"model": "auth.permission", "pk": 40, "fields": {"name": "Can view staff member", "content_type": 10, "codename": "view_staffmember"}}, {"model": "auth.permission", "pk": 41, "fields": {"name": "Can add access event", "content_type": 11, "codename": "add_accessevent"}}, {"model": "auth.permission", "pk": 42, "fields": {"name": "Can change access event", "content_type": 11, "codename": "change_accessevent"}}, {"model": "auth.permission", "pk": 43, "fields": {"name": "Can delete access event", "content_type": 11, "codename": "delete_accessevent"}}, {"model": "auth.permission", "pk": 44, "fields": {"name": "Can view access event", "content_type": 11, "codename": "view_accessevent"}}, {"model": "sessions.session", "pk": "2h0bod7yh51sunjhpb2mtdwp4vn3s9l5", "fields": {"session_data": ".eJxVjDEOwjAMRe-SGUVpiuOGkZ0zVI7tkAJqpaadEHdHkTrA-t97_21G2rcy7lXXcRJzMZ05_W6J-KlzA_Kg-b5YXuZtnZJtij1otbdF9HU93L-DQrW02gcMTrMACEHgPvrcM0pAcKhx8MLofUwhYDc4JjhnAtYcVYBRyXy-4Lc4Tw:1vpUEW:3yfHJzrVbkA1JVNoeBcJIFifkJ27kNI1Da3HbL5boWA", "expire_date": "2026-02-23T16:35:32.329Z"}}, {"model": "sessions.session", "pk": "c8bhlb2738ztznmwvrdo5vkd0x9gtdd5", "fields": {"session_data": ".eJxVjDEOwjAMRe-SGUVpiuOGkZ0zVI7tkAJqpaadEHdHkTrA-t97_21G2rcy7lXXcRJzMZ05_W6J-KlzA_Kg-b5YXuZtnZJtij1otbdF9HU93L-DQrW02gcMTrMACEHgPvrcM0pAcKhx8MLofUwhYDc4JjhnAtYcVYBRyXy-4Lc4Tw:1vpPSO:CV3V4mlJTNQEGDQwX76oZk1f0fT1cAdC4aqLrYKThHM", "expire_date": "2026-02-23T11:29:32.981Z"}}, {"model": "sessions.session", "pk": "kahdqdboqwbz0ms84jlga622wonmyv7v", "fields": {"session_data": ".eJxVjMsOwiAQRf-FtSGU8hhcuvcbyMCMUjWQlHZl_HfbpAvdnnPufYuI61Li2nmOE4mzGMXplyXMT667oAfWe5O51WWektwTedgur434dTnav4OCvWzrGzIb4zihtxCSVqSDgbTBnLMKblQMg1YeAciZ0VpSMHiNBEaBD0Z8vvEsN1M:1vpUBE:QYj62Q69ET7BStT2Mop2Z0UkCVWbw2H2P24DHyN4TcU", "expire_date": "2026-02-23T16:32:08.338Z"}}, {"model": "sessions.session", "pk": "zfa8hmvcuz6n9b7qchktekw91k0aoyss", "fields": {"session_data": ".eJxVjDsOwjAQBe_iGlle_01JnzNY610HB1AixUmFuDuKlALaNzPvLTLuW8t7r2ueWFyFFpffrSA963wAfuB8XyQt87ZORR6KPGmXw8L1dTvdv4OGvR21DVDcWDAQpWghQmLPGlhXBYacGl1ipw1oUslHRjAQg_VYRvbOsPh8Adl1N2w:1vpQvw:Qyj2O0_adCi4Uwrvz3yOtGq7VxpV9ZkkNHzhHEXRL8o", "expire_date": "2026-02-23T13:04:08.916Z"}}, {"model": "core.site", "pk": 1, "fields": {"name": "Henley in Arden Medical Centre", "address": "", "fire_token": "4MAhIfjW8TF0G2Dw7z4xG0bYK0TArRxyusFHOmbbH2INbYPl", "is_active": true}}, {"model": "core.site", "pk": 2, "fields": {"name": "The Dove Medical Practice", "address": "", "fire_token": null, "is_active": true}}, {"model": "core.site", "pk": 3, "fields": {"name": "Pool Medical Centre", "address": "", "fire_token": null, "is_active": true}}, {"model": "core.site", "pk": 4, "fields": {"name": "Lapworth Surgey", "address": "", "fire_token": null, "is_active": true}}, {"model": "core.site", "pk": 5, "fields": {"name": "The Arrow Surgery", "address": "", "fire_token": null, "is_active": true}}, {"model": "core.site", "pk": 6, "fields": {"name": "Tanworth in Arden Medical Practice", "address": "", "fire_token": null, "is_active": true}}, {"model": "core.sitemanager", "pk": 1, "fields": {"site": 1, "user": 1}}, {"model": "core.sitemanager", "pk": 2, "fields": {"site": 2, "user": 2}}, {"model": "core.sitemanager", "pk": 3, "fields": {"site": 1, "user": 3}}, {"model": "core.sitemanager", "pk": 4, "fields": {"site": 6, "user": 4}}, {"model": "core.sitemanager", "pk": 5, "fields": {"site": 3, "user": 1}}, {"model": "core.sitemanager", "pk": 6, "fields": {"site": 4, "user": 1}}, {"model": "core.sitemanager", "pk": 7, "fields": {"site": 5, "user": 1}}, {"model": "core.sitemanager", "pk": 8, "fields": {"site": 6, "user": 1}}, {"model": "core.siteqr", "pk": 1, "fields": {"site": 1, "token": "S13Q1MdVBTYh0VVE3bHHXocqmA0EwLJm4yZB2yTIoBDdPQWD", "is_active": true, "rotated_at": null}}, {"model": "core.siteqr", "pk": 2, "fields": {"site": 2, "token": "aNvvIXjJSNE2vZZKTZXTVbAHB2MfvM3IK5oTGYpPpgiIJlWS", "is_active": true, "rotated_at": null}}, {"model": "core.siteqr", "pk": 3, "fields": {"site": 4, "token": "6o9bN1Q2qsHSe83fgWsB9w45v6LcDaJHn17pApfWdydxnCrF", "is_active": true, "rotated_at": null}}, {"model": "core.siteqr", "pk": 4, "fields": {"site": 5, "token": "9f2Zof1d762IXWNKaDPI4enVOg58riqre5cgPDL20p7kUMWe", "is_active": true, "rotated_at": null}}, {"model": "core.siteqr", "pk": 5, "fields": {"site": 3, "token": "YcbZww9FiCWN4FEzY6VhoX0qJQAu6IKFPawzkzDxktAtG9hf", "is_active": true, "rotated_at": null}}, {"model": "access.staffmember", "pk": 1, "fields": {"site": 1, "name": "Ben Haresign", "pin_hash": "pbkdf2_sha256$870000$dzCmtZ4BtdfTUQHXzNkZEQ$ikqrN+aFOCEEbqKWYcu9zHbtcUHJWgBPU313Lv5SM/8=", "pin_value": "185225", "is_active": true}}, {"model": "access.staffmember", "pk": 2, "fields": {"site": 1, "name": "Reception 2", "pin_hash": "pbkdf2_sha256$870000$yZOVTTFSXW9LmdfdvLOVQx$wHrOkbu44FJzIdMEPF56JK5X8cXSquf3btfPX2/PRSg=", "pin_value": "654321", "is_active": false}}, {"model": "access.staffmember", "pk": 3, "fields": {"site": 1, "name": "Dr Mansur Ahmad", "pin_hash": "pbkdf2_sha256$870000$MisCzxNWT3mMjypkYTJfzB$4XQn454TGIUTaxL3r3N2T5CQwDYf6O2EwGXDtlcnkqk=", "pin_value": "803357", "is_active": true}}, {"model": "access.staffmember", "pk": 4, "fields": {"site": 2, "name": "Abby Evans", "pin_hash": "pbkdf2_sha256$870000$SmnH5cSBUmzKDqESXNw5uc$cw28HqQI00JAAleFgY93uEZYBKdSK0rD6egOMwqkZqo=", "pin_value": "012196", "is_active": true}}, {"model": "access.staffmember", "pk": 5, "fields": {"site": 1, "name": "Mandy Taylor", "pin_hash": "pbkdf2_sha256$870000$zwbJk0vdK01z2ifwZtwEDx$AuNUGTmX2RWrULB+kwo0osGS9Hkn7H7cPt3CtPMXebE=", "pin_value": "614623", "is_active": true}}, {"model": "access.staffmember", "pk": 6, "fields": {"site": 1, "name": "Dr Richard Marks", "pin_hash": "pbkdf2_sha256$870000$EmKGv40u7SFh8gMVFypkLr$f+nCix6wOVtrY2EFTLb4A4OCqRM9vxlxis3d3mX1fNQ=", "pin_value": "815331", "is_active": true}}, {"model": "access.accessevent", "pk": 1, "fields": {"site": 1, "staff": 1, "direction": "IN", "occurred_at": "2026-02-09T11:38:52.394Z"}}, {"model": "access.accessevent", "pk": 2, "fields": {"site": 1, "staff": 1, "direction": "OUT", "occurred_at": "2026-02-09T11:41:18.877Z"}}, {"model": "access.accessevent", "pk": 3, "fields": {"site": 1, "staff": 1, "direction": "IN", "occurred_at": "2026-02-09T11:53:36.079Z"}}, {"model": "access.accessevent", "pk": 4, "fields": {"site": 1, "staff": 3, "direction": "IN", "occurred_at": "2026-02-09T12:52:11.354Z"}}, {"model": "access.accessevent", "pk": 5, "fields": {"site": 1, "staff": 3, "direction": "OUT", "occurred_at": "2026-02-09T12:55:45.664Z"}}, {"model": "access.accessevent", "pk": 6, "fields": {"site": 2, "staff": 4, "direction": "IN", "occurred_at": "2026-02-09T13:05:25.168Z"}}, {"model": "access.accessevent", "pk": 7, "fields": {"site": 1, "staff": 3, "direction": "IN", "occurred_at": "2026-02-09T15:04:56.563Z"}}, {"model": "access.accessevent", "pk": 8, "fields": {"site": 1, "staff": 3, "direction": "OUT", "occurred_at": "2026-02-09T15:06:25.485Z"}}, {"model": "access.accessevent", "pk": 9, "fields": {"site": 1, "staff": 3, "direction": "IN", "occurred_at": "2026-02-09T15:07:29.536Z"}}, {"model": "access.accessevent", "pk": 10, "fields": {"site": 1, "staff": 1, "direction": "OUT", "occurred_at": "2026-02-09T15:08:44.642Z"}}, {"model": "access.accessevent", "pk": 11, "fields": {"site": 1, "staff": 1, "direction": "IN", "occurred_at": "2026-02-09T15:14:02.357Z"}}, {"model": "access.accessevent", "pk": 12, "fields": {"site": 1, "staff": 1, "direction": "OUT", "occurred_at": "2026-02-09T15:26:12.033Z"}}, {"model": "access.accessevent", "pk": 13, "fields": {"site": 1, "staff": 1, "direction": "IN", "occurred_at": "2026-02-09T15:32:27.414Z"}}, {"model": "access.accessevent", "pk": 14, "fields": {"site": 1, "staff": 1, "direction": "OUT", "occurred_at": "2026-02-09T15:33:57.928Z"}}, {"model": "access.accessevent", "pk": 15, "fields": {"site": 1, "staff": 3, "direction": "OUT", "occurred_at": "2026-02-09T15:34:02.916Z"}}, {"model": "access.accessevent", "pk": 16, "fields": {"site": 1, "staff": 6, "direction": "IN", "occurred_at": "2026-02-09T15:53:15.176Z"}}, {"model": "access.accessevent", "pk": 17, "fields": {"site": 1, "staff": 6, "direction": "OUT", "occurred_at": "2026-02-09T15:54:53.417Z"}}]